[{"model": "admin.logentry", "pk": 1, "fields": {"action_time": "2021-09-09T17:10:53.984Z", "user": 1, "content_type": 6, "object_id": "1", "object_repr": "Дом", "action_flag": 1, "change_message": "[{\"added\": {}}]"}}, {"model": "admin.logentry", "pk": 2, "fields": {"action_time": "2021-09-09T17:10:57.937Z", "user": 1, "content_type": 6, "object_id": "2", "object_repr": "Офис", "action_flag": 1, "change_message": "[{\"added\": {}}]"}}, {"model": "admin.logentry", "pk": 3, "fields": {"action_time": "2021-09-09T17:11:00.811Z", "user": 1, "content_type": 6, "object_id": "3", "object_repr": "Модерн", "action_flag": 1, "change_message": "[{\"added\": {}}]"}}, {"model": "admin.logentry", "pk": 4, "fields": {"action_time": "2021-09-09T17:11:03.755Z", "user": 1, "content_type": 6, "object_id": "4", "object_repr": "Классика", "action_flag": 1, "change_message": "[{\"added\": {}}]"}}, {"model": "admin.logentry", "pk": 5, "fields": {"action_time": "2021-09-09T17:11:59.939Z", "user": 1, "content_type": 7, "object_id": "1", "object_repr": "Простой стул Дом", "action_flag": 1, "change_message": "[{\"added\": {}}]"}}, {"model": "admin.logentry", "pk": 6, "fields": {"action_time": "2021-09-09T17:12:20.162Z", "user": 1, "content_type": 7, "object_id": "2", "object_repr": "Мягкий стул Дом", "action_flag": 1, "change_message": "[{\"added\": {}}]"}}, {"model": "admin.logentry", "pk": 7, "fields": {"action_time": "2021-09-09T17:12:42.736Z", "user": 1, "content_type": 7, "object_id": "3", "object_repr": "Офисный стул Офис", "action_flag": 1, "change_message": "[{\"added\": {}}]"}}, {"model": "admin.logentry", "pk": 8, "fields": {"action_time": "2021-09-09T17:13:09.778Z", "user": 1, "content_type": 7, "object_id": "4", "object_repr": "Современный стул Модерн", "action_flag": 1, "change_message": "[{\"added\": {}}]"}}, {"model": "admin.logentry", "pk": 9, "fields": {"action_time": "2021-09-09T17:13:30.635Z", "user": 1, "content_type": 7, "object_id": "5", "object_repr": "Кресло-качалка Классика", "action_flag": 1, "change_message": "[{\"added\": {}}]"}}, {"model": "admin.logentry", "pk": 10, "fields": {"action_time": "2021-09-14T06:59:12.411Z", "user": 1, "content_type": 7, "object_id": "1", "object_repr": "Cтул Дом", "action_flag": 2, "change_message": "[{\"changed\": {\"fields\": [\"\\u0418\\u043c\\u044f \\u043f\\u0440\\u043e\\u0434\\u0443\\u043a\\u0442\\u0430\", \"Image\"]}}]"}}, {"model": "admin.logentry", "pk": 11, "fields": {"action_time": "2021-09-14T07:00:16.024Z", "user": 1, "content_type": 7, "object_id": "2", "object_repr": "Мягкий стул Дом", "action_flag": 2, "change_message": "[{\"changed\": {\"fields\": [\"Image\", \"\\u041a\\u0440\\u0430\\u0442\\u043a\\u043e\\u0435 \\u043e\\u043f\\u0438\\u0441\\u0430\\u043d\\u0438\\u0435\"]}}]"}}, {"model": "admin.logentry", "pk": 12, "fields": {"action_time": "2021-09-14T07:00:52.631Z", "user": 1, "content_type": 7, "object_id": "3", "object_repr": "Офисный стул Офис", "action_flag": 2, "change_message": "[{\"changed\": {\"fields\": [\"Image\", \"\\u041a\\u0440\\u0430\\u0442\\u043a\\u043e\\u0435 \\u043e\\u043f\\u0438\\u0441\\u0430\\u043d\\u0438\\u0435\"]}}]"}}, {"model": "admin.logentry", "pk": 13, "fields": {"action_time": "2021-09-14T07:01:19.686Z", "user": 1, "content_type": 7, "object_id": "4", "object_repr": "Современный стул Модерн", "action_flag": 3, "change_message": ""}}, {"model": "admin.logentry", "pk": 14, "fields": {"action_time": "2021-09-14T07:02:23.527Z", "user": 1, "content_type": 7, "object_id": "6", "object_repr": "Лампа 1 Модерн", "action_flag": 1, "change_message": "[{\"added\": {}}]"}}, {"model": "admin.logentry", "pk": 15, "fields": {"action_time": "2021-09-14T07:03:00.489Z", "user": 1, "content_type": 7, "object_id": "7", "object_repr": "Лампа 2 Модерн", "action_flag": 1, "change_message": "[{\"added\": {}}]"}}, {"model": "admin.logentry", "pk": 16, "fields": {"action_time": "2021-09-14T07:03:27.863Z", "user": 1, "content_type": 7, "object_id": "8", "object_repr": "Лампа 3 Модерн", "action_flag": 1, "change_message": "[{\"added\": {}}]"}}, {"model": "admin.logentry", "pk": 17, "fields": {"action_time": "2021-09-14T07:03:55.801Z", "user": 1, "content_type": 7, "object_id": "9", "object_repr": "Лампа 4 Модерн", "action_flag": 1, "change_message": "[{\"added\": {}}]"}}, {"model": "admin.logentry", "pk": 18, "fields": {"action_time": "2021-09-14T07:04:20.478Z", "user": 1, "content_type": 7, "object_id": "10", "object_repr": "Лампа 5 Модерн", "action_flag": 1, "change_message": "[{\"added\": {}}]"}}, {"model": "admin.logentry", "pk": 19, "fields": {"action_time": "2021-09-14T07:04:48.117Z", "user": 1, "content_type": 7, "object_id": "11", "object_repr": "Лампа 6 Модерн", "action_flag": 1, "change_message": "[{\"added\": {}}]"}}, {"model": "admin.logentry", "pk": 20, "fields": {"action_time": "2021-09-14T07:05:02.000Z", "user": 1, "content_type": 6, "object_id": "3", "object_repr": "Светильники", "action_flag": 2, "change_message": "[{\"changed\": {\"fields\": [\"\\u0418\\u043c\\u044f\"]}}]"}}, {"model": "admin.logentry", "pk": 21, "fields": {"action_time": "2021-09-14T07:07:15.103Z", "user": 1, "content_type": 7, "object_id": "12", "object_repr": "диван Дом", "action_flag": 1, "change_message": "[{\"added\": {}}]"}}, {"model": "admin.logentry", "pk": 22, "fields": {"action_time": "2021-09-14T07:08:17.948Z", "user": 1, "content_type": 7, "object_id": "13", "object_repr": "Подушка Дом", "action_flag": 1, "change_message": "[{\"added\": {}}]"}}, {"model": "admin.logentry", "pk": 23, "fields": {"action_time": "2021-09-14T07:08:43.568Z", "user": 1, "content_type": 7, "object_id": "14", "object_repr": "Кресло Дом", "action_flag": 1, "change_message": "[{\"added\": {}}]"}}, {"model": "admin.logentry", "pk": 24, "fields": {"action_time": "2021-09-14T07:09:25.294Z", "user": 1, "content_type": 7, "object_id": "15", "object_repr": "Стол Дом", "action_flag": 1, "change_message": "[{\"added\": {}}]"}}, {"model": "admin.logentry", "pk": 25, "fields": {"action_time": "2021-09-14T07:10:18.540Z", "user": 1, "content_type": 7, "object_id": "16", "object_repr": "Часы Офис", "action_flag": 1, "change_message": "[{\"added\": {}}]"}}, {"model": "admin.logentry", "pk": 26, "fields": {"action_time": "2021-09-14T07:10:47.024Z", "user": 1, "content_type": 7, "object_id": "17", "object_repr": "Чайник Офис", "action_flag": 1, "change_message": "[{\"added\": {}}]"}}, {"model": "admin.logentry", "pk": 27, "fields": {"action_time": "2021-09-14T07:11:24.165Z", "user": 1, "content_type": 7, "object_id": "18", "object_repr": "Ваза Офис", "action_flag": 1, "change_message": "[{\"added\": {}}]"}}, {"model": "admin.logentry", "pk": 28, "fields": {"action_time": "2021-09-14T07:11:57.965Z", "user": 1, "content_type": 7, "object_id": "19", "object_repr": "Ступка Классика", "action_flag": 1, "change_message": "[{\"added\": {}}]"}}, {"model": "sessions.session", "pk": "jdiy9y1s8fqwds9o6t7w6k3eq9ptezn0", "fields": {"session_data": ".eJxVjEsOAiEQBe_C2pChG8Yel-49A4FukFEDyXxWxrsbklno9lXVeysf9q34fU2Ln0VdlFGn3y0GfqbagTxCvTfNrW7LHHVX9EFXfWuSXtfD_TsoYS29BnCWU4QsI-Rhisj2zDgwOREQhxIGkylbQIDEiISGwDKNE6EjUJ8v6QE3PQ:1mZ13d:P__2wWpyEhHj9LiP-BsxZoyocKH57RXSPEnizZ0dg94", "expire_date": "2021-10-23T01:21:49.801Z"}}, {"model": "sessions.session", "pk": "x3snkkln92nfl59gt13qx1ok7t4xcgno", "fields": {"session_data": ".eJxVjEsOAiEQBe_C2pChG8Yel-49A4FukFEDyXxWxrsbklno9lXVeysf9q34fU2Ln0VdlFGn3y0GfqbagTxCvTfNrW7LHHVX9EFXfWuSXtfD_TsoYS29BnCWU4QsI-Rhisj2zDgwOREQhxIGkylbQIDEiISGwDKNE6EjUJ8v6QE3PQ:1mbREn:qbk1Tf0Oc0pq1VQIZ7k4aj8lwDC6WBO8YnFeGjOMoeY", "expire_date": "2021-10-29T17:43:21.770Z"}}, {"model": "mainapp.productcategory", "pk": 1, "fields": {"name": "Дом", "description": "товары для дома", "is_active": true}}, {"model": "mainapp.productcategory", "pk": 2, "fields": {"name": "Офис", "description": "товары для офиса", "is_active": true}}, {"model": "mainapp.productcategory", "pk": 3, "fields": {"name": "Светильники", "description": "разные лампы", "is_active": true}}, {"model": "mainapp.productcategory", "pk": 4, "fields": {"name": "Классика", "description": "раритет", "is_active": true}}, {"model": "mainapp.product", "pk": 1, "fields": {"category": 1, "name": "Cтул", "image": "products_images/product-21.jpg", "short_desc": "Простой стул", "description": "", "price": "500.00", "quantity": 4, "is_active": true}}, {"model": "mainapp.product", "pk": 2, "fields": {"category": 1, "name": "Мягкий стул", "image": "products_images/product-4.jpg", "short_desc": "Красный стул", "description": "", "price": "1000.00", "quantity": 10, "is_active": true}}, {"model": "mainapp.product", "pk": 3, "fields": {"category": 2, "name": "Офисный стул", "image": "", "short_desc": "Стул с колёсиками", "description": "", "price": "10000.00", "quantity": 2, "is_active": true}}, {"model": "mainapp.product", "pk": 5, "fields": {"category": 4, "name": "Кресло-качалка", "image": "", "short_desc": "", "description": "", "price": "50000.00", "quantity": 0, "is_active": true}}, {"model": "mainapp.product", "pk": 6, "fields": {"category": 3, "name": "Лампа 1", "image": "products_images/product-1.jpg", "short_desc": "Лампа 1", "description": "описание", "price": "453.00", "quantity": 15, "is_active": true}}, {"model": "mainapp.product", "pk": 7, "fields": {"category": 3, "name": "Лампа 2", "image": "products_images/product-5-sm.jpg", "short_desc": "Лампа 2", "description": "", "price": "1535.00", "quantity": 8, "is_active": true}}, {"model": "mainapp.product", "pk": 8, "fields": {"category": 3, "name": "Лампа 3", "image": "products_images/product-2-sm.jpg", "short_desc": "Лампа 3", "description": "", "price": "5645.00", "quantity": 34, "is_active": true}}, {"model": "mainapp.product", "pk": 9, "fields": {"category": 3, "name": "Лампа 4", "image": "", "short_desc": "Лампа 4", "description": "", "price": "42353.00", "quantity": 19, "is_active": true}}, {"model": "mainapp.product", "pk": 10, "fields": {"category": 3, "name": "Лампа 5", "image": "products_images/product-41.jpg", "short_desc": "Лампа 5", "description": "", "price": "3453.00", "quantity": 78, "is_active": true}}, {"model": "mainapp.product", "pk": 11, "fields": {"category": 3, "name": "Лампа 6", "image": "products_images/product-31.jpg", "short_desc": "Лампа 6", "description": "", "price": "3467.00", "quantity": 58, "is_active": true}}, {"model": "mainapp.product", "pk": 12, "fields": {"category": 1, "name": "диван", "image": "products_images/product-3-sm.jpg", "short_desc": "Диван", "description": "", "price": "45477.00", "quantity": 333, "is_active": true}}, {"model": "mainapp.product", "pk": 13, "fields": {"category": 1, "name": "Подушка", "image": "", "short_desc": "Подушка", "description": "", "price": "252.00", "quantity": 256, "is_active": true}}, {"model": "mainapp.product", "pk": 14, "fields": {"category": 1, "name": "Кресло", "image": "products_images/product-2.jpg", "short_desc": "Кресло синее", "description": "", "price": "13543.00", "quantity": 23, "is_active": true}}, {"model": "mainapp.product", "pk": 15, "fields": {"category": 1, "name": "Стол", "image": "", "short_desc": "Стол", "description": "", "price": "23525.00", "quantity": 23, "is_active": true}}, {"model": "mainapp.product", "pk": 16, "fields": {"category": 2, "name": "Часы", "image": "products_images/product-4-sm.jpg", "short_desc": "Часы", "description": "", "price": "2135.00", "quantity": 335, "is_active": true}}, {"model": "mainapp.product", "pk": 17, "fields": {"category": 2, "name": "Чайник", "image": "products_images/product-3.jpg", "short_desc": "Чайник электрический", "description": "", "price": "3677.00", "quantity": 24, "is_active": true}}, {"model": "mainapp.product", "pk": 18, "fields": {"category": 2, "name": "Ваза", "image": "products_images/product-61.jpg", "short_desc": "Ваза", "description": "", "price": "345.00", "quantity": 454, "is_active": true}}, {"model": "mainapp.product", "pk": 19, "fields": {"category": 4, "name": "Ступка", "image": "products_images/product-51.jpg", "short_desc": "Ступка", "description": "", "price": "635.00", "quantity": 22, "is_active": true}}, {"model": "authapp.shopuser", "pk": 1, "fields": {"password": "pbkdf2_sha256$260000$XHIerbEUhBWwL0UjsmzkD4$Kf9Al6MjTU5xKth0ehxWId+OmglV++0VgrGPWpT6bJc=", "last_login": "2021-10-15T17:43:21.760Z", "is_superuser": true, "username": "django", "first_name": "admin", "last_name": "", "email": "", "is_staff": true, "is_active": true, "date_joined": "2021-09-09T17:10:09Z", "avatar": "users_avatars/C.png", "age": 30, "activation_key": "", "activation_key_expires": "2021-10-03T11:30:34.461Z", "groups": [], "user_permissions": []}}, {"model": "authapp.shopuser", "pk": 2, "fields": {"password": ".1[F42kA", "last_login": null, "is_superuser": false, "username": "Debased_1969", "first_name": "Alton", "last_name": "Zimmerman", "email": "exertion2048@example.com", "is_staff": false, "is_active": true, "date_joined": "2021-09-09T17:10:09Z", "avatar": "https://api.adorable.io/avatars/256/6567245bbd9a2fcd88feca3a22d0ce77.png", "age": 40, "activation_key": "", "activation_key_expires": "2021-10-03T11:30:34.461Z", "groups": [], "user_permissions": []}}, {"model": "authapp.shopuser", "pk": 3, "fields": {"password": "i2$G:$IT", "last_login": null, "is_superuser": false, "username": "highbrows.1883", "first_name": "Rema", "last_name": "Castro", "email": "pulper2022@example.com", "is_staff": false, "is_active": true, "date_joined": "2021-09-09T17:10:09.348Z", "avatar": "https://api.adorable.io/avatars/256/d4e6122b6e591298e2ead38aa8e6a077.png", "age": 42, "activation_key": "", "activation_key_expires": "2021-10-03T11:30:34.461Z", "groups": [], "user_permissions": []}}, {"model": "authapp.shopuser", "pk": 4, "fields": {"password": "S:gB'DFy", "last_login": null, "is_superuser": false, "username": "Killas-2052", "first_name": "Librada", "last_name": "O'donnell", "email": "merycism1985@example.com", "is_staff": false, "is_active": false, "date_joined": "2021-09-09T17:10:09Z", "avatar": "https://api.adorable.io/avatars/256/62872a03a84d744d237891ab81e1521b.png", "age": 45, "activation_key": "", "activation_key_expires": "2021-10-03T11:30:34.461Z", "groups": [], "user_permissions": []}}, {"model": "authapp.shopuser", "pk": 5, "fields": {"password": "nu;*w^+F", "last_login": null, "is_superuser": false, "username": "Cambeva20", "first_name": "Columbus", "last_name": "Yang", "email": "albizzia1836@example.com", "is_staff": false, "is_active": false, "date_joined": "2021-09-09T17:10:09Z", "avatar": "https://api.adorable.io/avatars/256/aea3fd5ab53ac880e54f6da43e1c2aaa.png", "age": 20, "activation_key": "", "activation_key_expires": "2021-10-03T11:30:34.461Z", "groups": [], "user_permissions": []}}, {"model": "authapp.shopuser", "pk": 6, "fields": {"password": "exZP6r7g", "last_login": null, "is_superuser": false, "username": "Epeira1900", "first_name": "Leif", "last_name": "Dillard", "email": "sulcate1834@example.com", "is_staff": false, "is_active": true, "date_joined": "2021-09-09T17:10:09.366Z", "avatar": "https://api.adorable.io/avatars/256/793c2eadbc37947fb55db9e23ff7effc.png", "age": 63, "activation_key": "", "activation_key_expires": "2021-10-03T11:30:34.461Z", "groups": [], "user_permissions": []}}, {"model": "authapp.shopuser", "pk": 7, "fields": {"password": "!=&=o'D-", "last_login": null, "is_superuser": false, "username": "Avuncular-1935", "first_name": "Narcisa", "last_name": "Owen", "email": "sparkplugging1817@example.com", "is_staff": false, "is_active": false, "date_joined": "2021-09-09T17:10:09Z", "avatar": "https://api.adorable.io/avatars/256/3e1c30669bcff1439231cef665391188.png", "age": 57, "activation_key": "", "activation_key_expires": "2021-10-03T11:30:34.461Z", "groups": [], "user_permissions": [19]}}, {"model": "authapp.shopuser", "pk": 8, "fields": {"password": "&w_`rgB$", "last_login": null, "is_superuser": false, "username": "DowseClocks.1871", "first_name": "Zada", "last_name": "Herring", "email": "gar1986@example.com", "is_staff": false, "is_active": true, "date_joined": "2021-09-09T17:10:09.376Z", "avatar": "https://api.adorable.io/avatars/256/58e929b468352b8d7777dfafd9bcaf30.png", "age": 40, "activation_key": "", "activation_key_expires": "2021-10-03T11:30:34.461Z", "groups": [], "user_permissions": []}}, {"model": "authapp.shopuser", "pk": 9, "fields": {"password": "5_s/W((`", "last_login": null, "is_superuser": false, "username": "suedes1983", "first_name": "Charita", "last_name": "Vincent", "email": "picoline1847@example.com", "is_staff": false, "is_active": true, "date_joined": "2021-09-09T17:10:09.381Z", "avatar": "https://api.adorable.io/avatars/256/f38aaba95dff00312b0261576bb983c7.png", "age": 47, "activation_key": "", "activation_key_expires": "2021-10-03T11:30:34.461Z", "groups": [], "user_permissions": []}}, {"model": "authapp.shopuser", "pk": 10, "fields": {"password": "\";bO+//X", "last_login": null, "is_superuser": false, "username": "ExpiryPreacquisition.1897", "first_name": "Dominic", "last_name": "Mueller", "email": "whoever2037@example.com", "is_staff": false, "is_active": true, "date_joined": "2021-09-09T17:10:09.387Z", "avatar": "https://api.adorable.io/avatars/256/5fa04688b2c95634dd935e007cc798e4.png", "age": 53, "activation_key": "", "activation_key_expires": "2021-10-03T11:30:34.461Z", "groups": [], "user_permissions": []}}, {"model": "authapp.shopuser", "pk": 11, "fields": {"password": "@R\"&G'E4", "last_login": null, "is_superuser": false, "username": "marriers.1990", "first_name": "Marketta", "last_name": "Byrd", "email": "canberra1824@example.com", "is_staff": false, "is_active": true, "date_joined": "2021-09-09T17:10:09Z", "avatar": "https://api.adorable.io/avatars/256/79105c187d9229027c5c775f7a507d16.png", "age": 30, "activation_key": "", "activation_key_expires": "2021-10-03T11:30:34.461Z", "groups": [], "user_permissions": []}}, {"model": "authapp.shopuser", "pk": 12, "fields": {"password": "pbkdf2_sha256$260000$GrZqxGij9xTeAqJgtJsmX1$ZmZIf477mEvD7PJsOjgWkdeCDQzKwCHZhWdQA8HntFQ=", "last_login": "2021-09-19T15:23:25.702Z", "is_superuser": false, "username": "victoria", "first_name": "Victoria", "last_name": "", "email": "", "is_staff": false, "is_active": true, "date_joined": "2021-09-17T14:13:43.515Z", "avatar": "", "age": 34, "activation_key": "", "activation_key_expires": "2021-10-03T11:30:34.461Z", "groups": [], "user_permissions": []}}, {"model": "authapp.shopuser", "pk": 13, "fields": {"password": "pbkdf2_sha256$260000$RZXC5wpG55Ek8rcDvNsrFp$XXQJNrlllMn5xkBeDXr+s84jhZCCPeNC+YBUL0eUGMg=", "last_login": null, "is_superuser": false, "username": "test", "first_name": "test", "last_name": "test", "email": "", "is_staff": false, "is_active": true, "date_joined": "2021-09-19T09:07:00Z", "avatar": "", "age": 45, "activation_key": "", "activation_key_expires": "2021-10-03T11:30:34.461Z", "groups": [], "user_permissions": []}}, {"model": "authapp.shopuser", "pk": 14, "fields": {"password": "pbkdf2_sha256$260000$GpdlcbyUW5i245CmorqO21$dy/pPR3hoBzx0EFhfQ5WnncrRzNgiDyaJA7aWJY8xz8=", "last_login": null, "is_superuser": false, "username": "111", "first_name": "1111", "last_name": "11111", "email": "", "is_staff": false, "is_active": true, "date_joined": "2021-09-23T08:55:49Z", "avatar": "", "age": 27, "activation_key": "", "activation_key_expires": "2021-10-03T11:30:34.461Z", "groups": [], "user_permissions": []}}, {"model": "authapp.shopuser", "pk": 15, "fields": {"password": "yjdsqgfhjkm123", "last_login": null, "is_superuser": false, "username": "12345", "first_name": "", "last_name": "", "email": "", "is_staff": false, "is_active": true, "date_joined": "2021-09-23T09:51:51Z", "avatar": "", "age": 44, "activation_key": "", "activation_key_expires": "2021-10-03T11:30:34.461Z", "groups": [], "user_permissions": []}}, {"model": "authapp.shopuser", "pk": 16, "fields": {"password": "pbkdf2_sha256$260000$y9OkPiOS4kmOr4Ci12mZR4$Ff3meIHgwnZfLZhseyndnsvJeL5CzninI/b/yyciFvE=", "last_login": null, "is_superuser": false, "username": "mail_test_user", "first_name": "mail", "last_name": "", "email": "test@test.local", "is_staff": false, "is_active": false, "date_joined": "2021-10-01T12:34:13.639Z", "avatar": "", "age": 45, "activation_key": "75333df1fa194474f66d8befdd818ab8ec173557", "activation_key_expires": "2021-10-03T12:30:33.943Z", "groups": [], "user_permissions": []}}, {"model": "authapp.shopuser", "pk": 17, "fields": {"password": "pbkdf2_sha256$260000$3z0XQQGrAWKP6t09iwtvZB$MmcagtOQi/xfxyc2yQ6lW/wqMx7sSjOAcE7HkQhybXc=", "last_login": null, "is_superuser": false, "username": "mail_test_2", "first_name": "", "last_name": "", "email": "test@test.local", "is_staff": false, "is_active": false, "date_joined": "2021-10-01T13:04:47.110Z", "avatar": "", "age": 45, "activation_key": "5675147abc5a36842239ded0f639c511e8e173a6", "activation_key_expires": "2021-10-03T13:03:07.522Z", "groups": [], "user_permissions": []}}, {"model": "authapp.shopuser", "pk": 29, "fields": {"password": "!aJVBP3XO1ScMnpBkNl68py2wL5DI08o5qVPQp8ta", "last_login": "2021-10-08T02:22:18.480Z", "is_superuser": false, "username": "id1500119", "first_name": "Надежда", "last_name": "Кириллова", "email": "solzemly@rambler.ru", "is_staff": false, "is_active": true, "date_joined": "2021-10-06T12:23:12.783Z", "avatar": "", "age": 18, "activation_key": "", "activation_key_expires": "2021-10-08T12:23:07.561Z", "groups": [], "user_permissions": []}}, {"model": "authapp.shopuserprofile", "pk": 1, "fields": {"user": 1, "tagline": "", "about_me": "", "gender": ""}}, {"model": "authapp.shopuserprofile", "pk": 2, "fields": {"user": 2, "tagline": "", "about_me": "", "gender": ""}}, {"model": "authapp.shopuserprofile", "pk": 3, "fields": {"user": 3, "tagline": "", "about_me": "", "gender": ""}}, {"model": "authapp.shopuserprofile", "pk": 4, "fields": {"user": 4, "tagline": "", "about_me": "", "gender": ""}}, {"model": "authapp.shopuserprofile", "pk": 5, "fields": {"user": 5, "tagline": "", "about_me": "", "gender": ""}}, {"model": "authapp.shopuserprofile", "pk": 6, "fields": {"user": 6, "tagline": "", "about_me": "", "gender": ""}}, {"model": "authapp.shopuserprofile", "pk": 7, "fields": {"user": 7, "tagline": "", "about_me": "", "gender": ""}}, {"model": "authapp.shopuserprofile", "pk": 8, "fields": {"user": 8, "tagline": "", "about_me": "", "gender": ""}}, {"model": "authapp.shopuserprofile", "pk": 9, "fields": {"user": 9, "tagline": "", "about_me": "", "gender": ""}}, {"model": "authapp.shopuserprofile", "pk": 10, "fields": {"user": 10, "tagline": "", "about_me": "", "gender": ""}}, {"model": "authapp.shopuserprofile", "pk": 11, "fields": {"user": 11, "tagline": "", "about_me": "", "gender": ""}}, {"model": "authapp.shopuserprofile", "pk": 12, "fields": {"user": 12, "tagline": "", "about_me": "", "gender": ""}}, {"model": "authapp.shopuserprofile", "pk": 13, "fields": {"user": 13, "tagline": "", "about_me": "", "gender": ""}}, {"model": "authapp.shopuserprofile", "pk": 14, "fields": {"user": 14, "tagline": "", "about_me": "", "gender": ""}}, {"model": "authapp.shopuserprofile", "pk": 15, "fields": {"user": 15, "tagline": "", "about_me": "", "gender": ""}}, {"model": "authapp.shopuserprofile", "pk": 16, "fields": {"user": 16, "tagline": "", "about_me": "", "gender": ""}}, {"model": "authapp.shopuserprofile", "pk": 17, "fields": {"user": 17, "tagline": "", "about_me": "", "gender": ""}}, {"model": "authapp.shopuserprofile", "pk": 29, "fields": {"user": 29, "tagline": "", "about_me": "", "gender": "W"}}, {"model": "basketapp.basket", "pk": 58, "fields": {"user": 1, "product": 2, "quantity": 2, "add_date": "2021-10-21T11:04:58.029Z"}}, {"model": "basketapp.basket", "pk": 59, "fields": {"user": 1, "product": 2, "quantity": 1, "add_date": "2021-10-21T11:04:41.101Z"}}, {"model": "basketapp.basket", "pk": 60, "fields": {"user": 1, "product": 1, "quantity": 1, "add_date": "2021-10-21T11:25:49.438Z"}}, {"model": "basketapp.basket", "pk": 61, "fields": {"user": 1, "product": 16, "quantity": 2, "add_date": "2021-10-21T11:26:00.272Z"}}, {"model": "basketapp.basket", "pk": 62, "fields": {"user": 1, "product": 5, "quantity": 1, "add_date": "2021-10-21T11:26:07.165Z"}}, {"model": "ordersapp.order", "pk": 1, "fields": {"user": 1, "created": "2021-10-09T01:13:49.904Z", "updated": "2021-10-09T01:19:56.588Z", "status": "FM", "is_active": false}}, {"model": "ordersapp.order", "pk": 2, "fields": {"user": 1, "created": "2021-10-09T01:20:11.191Z", "updated": "2021-10-09T01:39:58.018Z", "status": "STP", "is_active": true}}, {"model": "ordersapp.order", "pk": 3, "fields": {"user": 1, "created": "2021-10-09T01:28:06.835Z", "updated": "2021-10-13T05:10:49.498Z", "status": "FM", "is_active": false}}, {"model": "ordersapp.order", "pk": 4, "fields": {"user": 1, "created": "2021-10-09T02:38:53.072Z", "updated": "2021-10-09T02:39:15.120Z", "status": "FM", "is_active": false}}, {"model": "ordersapp.order", "pk": 5, "fields": {"user": 1, "created": "2021-10-11T17:09:21.541Z", "updated": "2021-10-13T05:10:44.286Z", "status": "FM", "is_active": false}}, {"model": "ordersapp.order", "pk": 6, "fields": {"user": 1, "created": "2021-10-12T23:51:01.074Z", "updated": "2021-10-12T23:51:22.568Z", "status": "FM", "is_active": false}}, {"model": "ordersapp.order", "pk": 7, "fields": {"user": 1, "created": "2021-10-13T05:01:24.935Z", "updated": "2021-10-13T05:10:41.245Z", "status": "FM", "is_active": false}}, {"model": "ordersapp.order", "pk": 8, "fields": {"user": 1, "created": "2021-10-13T05:10:58.670Z", "updated": "2021-10-15T17:44:12.413Z", "status": "FM", "is_active": false}}, {"model": "ordersapp.order", "pk": 9, "fields": {"user": 1, "created": "2021-10-15T17:44:29.962Z", "updated": "2021-10-15T17:44:29.975Z", "status": "FM", "is_active": true}}, {"model": "ordersapp.order", "pk": 10, "fields": {"user": 1, "created": "2021-10-15T22:42:10.391Z", "updated": "2021-10-15T22:42:48.931Z", "status": "STP", "is_active": true}}, {"model": "ordersapp.order", "pk": 11, "fields": {"user": 1, "created": "2021-10-15T23:25:59.772Z", "updated": "2021-10-15T23:25:59.786Z", "status": "FM", "is_active": true}}, {"model": "ordersapp.orderitem", "pk": 14, "fields": {"order": 9, "product": 2, "quantity": 3}}, {"model": "ordersapp.orderitem", "pk": 15, "fields": {"order": 10, "product": 16, "quantity": 4}}, {"model": "ordersapp.orderitem", "pk": 16, "fields": {"order": 11, "product": 16, "quantity": 5}}, {"model": "social_django.usersocialauth", "pk": 2, "fields": {"user": 29, "provider": "vk-oauth2", "uid": "1500119", "extra_data": "{\"auth_time\": 1633659738, \"id\": 1500119, \"expires\": 86399, \"access_token\": \"0cfcf56ecaf61021e43988b7dd1cbd675d51589fa0a1cffa0836cf1202f9cf03eb5b0b9e43593a3284bcf\", \"token_type\": null}", "created": "2021-10-06T12:23:13.012Z", "modified": "2021-10-08T02:22:18.463Z"}}]